indicator1,indicator10,indicator11,indicator12,indicator13,indicator14,indicator15,indicator16,indicator17,indicator18,indicator19,indicator2,indicator21,indicator22,indicator23,indicator26,indicator27,indicator28,indicator29,indicator3,indicator4,indicator5,indicator6,indicator7,indicator8,indicator9,ID,label_1
1.245609766,1.272461873,1.594056554,1.001171338,1.880463248,2.300044317,0.840877872,0.959526052,1.041901724,0.883663232,1.110810977,1.103701014,0.981177586,1.003850994,0.996100254,1.003850994,1.007281931,0.996593866,0.994127221,1.110810977,0.565248086,0.627543296,0.334222319,1.866732238,0.793645481,1.926966735,BRA351,2
1.245609766,1.272461873,1.594056554,1.001171338,1.880463248,2.300044317,0.840877872,0.959526052,1.041901724,0.883663232,1.110810977,1.103701014,0.981177586,1.003850994,0.996100254,1.003850994,1.007281931,0.996593866,0.994127221,1.110810977,0.565248086,0.627543296,0.334222319,1.866732238,0.793645481,1.926966735,BRA351,2
1.245609766,1.256556099,1.620746279,1.001612589,1.876315885,2.315913046,0.840877872,0.9797266,1.092726198,0.878412372,1.126679706,1.103701014,0.986676735,1.002342887,0.995794482,1.002342887,0.99845531,0.995804963,0.988874348,1.126679706,0.573323058,0.60792892,0.338996924,1.880639798,0.780928634,1.910572922,BRA351,2
1.245609766,1.256556099,1.620746279,1.001612589,1.876315885,2.315913046,0.840877872,0.9797266,1.092726198,0.878412372,1.126679706,1.103701014,0.986676735,1.002342887,0.995794482,1.002342887,0.99845531,0.995804963,0.988874348,1.126679706,0.573323058,0.60792892,0.338996924,1.880639798,0.780928634,1.910572922,BRA351,2
1.245609766,1.38819531,1.531513103,1.003525567,1.911310421,2.446201496,0.788003198,1.123307223,1.425510995,0.885169684,1.177171114,1.005486606,0.996035697,0.999147141,1.000452918,0.999147141,0.998832676,1.000314832,0.998066268,1.177171114,0.387598687,0.849494172,0.238573684,2.211966936,0.797380829,2.040792427,CAN47,2
1.245609766,1.38819531,1.531513103,1.003525567,1.911310421,2.446201496,0.788003198,1.123307223,1.425510995,0.885169684,1.177171114,1.005486606,0.996035697,0.999147141,1.000452918,0.999147141,0.998832676,1.000314832,0.998066268,1.177171114,0.387598687,0.849494172,0.238573684,2.211966936,0.797380829,2.040792427,CAN47,2
1.245609766,1.364260908,1.565874644,1.003800397,1.908556013,2.399797264,0.801827816,1.106728197,1.380256677,0.887405453,1.152646715,1.004659394,0.994796188,0.999903196,1.00142522,0.999903196,0.999874082,1.000029117,0.998421998,1.152646715,0.379523715,0.867568516,0.232649915,2.146546129,0.797230215,2.000941022,CAN47,2
1.245609766,1.364260908,1.565874644,1.003800397,1.908556013,2.399797264,0.801827816,1.106728197,1.380256677,0.887405453,1.152646715,1.004659394,0.994796188,0.999903196,1.00142522,0.999903196,0.999874082,1.000029117,0.998421998,1.152646715,0.379523715,0.867568516,0.232649915,2.146546129,0.797230215,2.000941022,CAN47,2
1.211483471,1.127678551,1.68676628,0.999942222,1.89117182,2.394136762,0.931645768,0.959526052,1.029925842,0.893938386,1.401555263,1.374618442,1.001602236,1.00381594,0.995379291,1.00381594,1.00290611,0.997500686,1.006648533,1.401555263,0.91247191,0.698604997,0.801407603,1.873587417,0.769379506,1.739870968,NCL119,2
1.245609766,1.349788944,1.814287961,0.999942222,1.89117182,2.474924599,0.931645768,0.959526052,1.029925842,0.893938386,1.401555263,1.364759842,1.004700209,1.00381594,0.995379291,1.00381594,1.00290611,1.000907195,1.006648533,1.401555263,0.91247191,0.713493093,0.78759023,1.998467085,0.89453479,2.053098373,NCL119,2
1.245609766,1.349788944,1.814287961,0.999942222,1.89117182,2.474924599,0.931645768,0.959526052,1.029925842,0.893938386,1.401555263,1.413929609,1.004700209,1.00381594,0.995379291,1.00381594,1.00290611,1.000907195,1.006648533,1.401555263,0.91247191,0.713493093,0.856504375,1.998467085,0.89453479,2.053098373,NCL119,2
1.245609766,1.349788944,1.814287961,0.999942222,1.89117182,2.474924599,0.931645768,0.959526052,1.029925842,0.893938386,1.401555263,1.381385292,1.004700209,1.00381594,0.995379291,1.00381594,1.00290611,1.000907195,1.006648533,1.401555263,0.91247191,0.713493093,0.810891716,1.998467085,0.89453479,2.053098373,NCL119,2
1.245609766,1.310693437,1.823662999,0.999362957,1.91511792,2.364703189,0.948407011,0.966710909,1.019299623,0.916835404,1.310303561,1.400325677,1.005426832,1.001222169,0.995236469,1.001222169,1.002209947,0.9990144,1.00800034,1.310303561,0.823647211,0.76318193,0.782914272,1.911321283,0.862329034,1.954953077,AUS3346,1
1.245609766,1.310693437,1.823662999,0.999362957,1.91511792,2.364703189,0.948407011,0.966710909,1.019299623,0.916835404,1.310303561,1.404131448,1.005426832,1.001222169,0.995236469,1.001222169,1.002209947,0.9990144,1.00800034,1.310303561,0.823647211,0.76318193,0.787900987,1.911321283,0.862329034,1.954953077,AUS3346,1
1.245609766,1.310693437,1.823662999,0.999362957,1.91511792,2.364703189,0.948407011,0.966710909,1.019299623,0.916835404,1.310303561,1.41189031,1.005426832,1.001222169,0.995236469,1.001222169,1.002209947,0.9990144,1.00800034,1.310303561,0.823647211,0.76318193,0.798067451,1.911321283,0.862329034,1.954953077,AUS3346,1
1.245609766,1.310693437,1.823662999,0.999362957,1.91511792,2.364703189,0.948407011,0.966710909,1.019299623,0.916835404,1.310303561,1.41189031,1.005426832,1.001222169,0.995236469,1.001222169,1.002209947,0.9990144,1.00800034,1.310303561,0.823647211,0.76318193,0.798067451,1.911321283,0.862329034,1.954953077,AUS3346,1
1.245609766,1.328067422,1.836333431,1.000239783,1.924849104,2.262082207,0.970243698,0.954605406,0.983882098,0.926199879,1.231413312,1.461646082,1.006275042,1.001560206,0.993525858,1.001560206,1.001578824,0.999981411,1.008124182,1.231413312,0.783272348,0.812075028,0.811287635,1.956870098,0.889485258,2.01715718,ZAF1521,1
0.854132411,1.142323727,1.813468034,0.999575362,1.847623238,1.801831371,0.937116452,0.910506786,0.950340663,0.853250889,0.882878335,1.481965278,1.00644072,0.999204917,0.99236053,0.999204917,0.999683573,0.99852755,1.007373841,0.882878335,0.779396361,0.809661431,0.8229372,1.979012979,0.921293005,2.105334082,ZAF1521,1
1.245609766,1.310693437,1.889578529,1.000239783,1.903976566,2.259520626,0.970988131,0.932988435,0.960864923,0.905920697,1.229641919,1.464831383,1.006275042,1.001560206,0.993525858,1.001560206,1.001578824,0.999981411,1.008124182,1.229641919,0.79134732,0.813244884,0.814037375,1.914493491,0.900787036,2.002325109,ZAF1521,1
1.221089889,1.365488313,1.911358832,0.999575362,1.840030066,2.311952432,0.933691226,0.90633884,0.970705106,0.846240623,1.240934549,1.456603156,1.00644072,0.999204917,0.994022597,0.999204917,1.000678367,0.99852755,1.008180289,1.240934549,0.757815104,0.805844273,0.791297584,1.92120996,0.915761384,2.04910318,ZAF1521,1
1.211281938,1.270591706,1.707656059,0.999504885,1.780673599,2.278241976,0.833911195,0.946762403,1.020177572,0.789515767,1.079073521,1.229218805,0.997153196,0.999393002,0.994955082,0.999393002,1.000699331,0.998488768,1.004468768,1.079073521,0.463926405,0.758226203,0.467072465,2.014876588,0.838742953,1.97113295,RUS2724,1
1.221089889,1.270591706,1.707656059,0.999504885,1.780673599,2.278241976,0.833911195,0.946762403,1.020177572,0.789515767,1.079073521,1.216981497,0.997153196,0.999393002,0.994955082,0.999393002,1.000699331,0.998488768,1.004468768,1.079073521,0.460273441,0.758226203,0.473470718,2.014876588,0.838742953,1.97113295,RUS2724,1
1.202657705,1.102596042,1.821751676,1.001725463,2.098166459,2.108192591,1.051398946,1.046767513,0.99559498,1.10057026,1.157078836,1.928927918,1.00832899,1.000334157,0.990031546,1.000334157,1.000789897,0.99954462,1.011327213,1.157078836,1.30387737,0.864245347,1.269820125,1.976838269,0.893745618,1.925272595,PER13,2
1.20428622,1.08609891,1.797417711,1.001066773,2.104003533,2.075805266,1.057967257,1.044497415,0.985834245,1.106651401,1.131969282,1.781846635,1.004858463,1.001686599,0.990936901,1.001686599,1.004162281,0.997284027,1.013503436,1.131969282,1.081091659,0.878787074,1.081368356,1.936869934,0.86733076,1.86857342,PER13,2
1.203890779,1.058256613,1.780852159,1.001066773,2.169708476,2.08486494,1.077562572,1.092145904,1.013533629,1.17685555,1.156844585,1.853187038,1.008070608,1.00252227,0.990936901,1.00252227,1.004162281,0.998366787,1.015004057,1.156844585,1.20828774,0.864420349,1.182927848,1.945043494,0.857015798,1.847529482,PER13,2
1.200149556,1.089322138,1.732638009,0.998927738,2.088162808,2.06457922,1.054006952,1.034155856,0.981166068,1.090007461,1.128122317,1.867199437,1.008070608,1.002350413,0.989367503,1.002350413,1.00201237,0.998366787,1.009065071,1.128122317,1.19126238,0.79889734,1.181916942,1.965363884,0.849993866,1.874969073,PER13,2
1.011287137,1.162331586,1.804672181,0.999518531,1.925510554,2.264443362,0.921951025,0.946515529,0.960038017,0.925232737,1.179787049,1.493729722,0.997127681,1.004028083,0.996971903,1.004028083,1.003751025,0.992402687,1.00652189,1.179787049,1.324295515,0.68284699,0.815126752,1.909614804,0.849584661,1.926164769,COD78,2
1.007088747,1.17677476,1.834935542,0.998912571,1.819585287,2.267520982,0.921360699,0.896268409,0.962952522,0.82753975,1.182169717,1.514308441,0.997127681,1.004028083,0.994230308,1.004028083,1.003751025,0.992402687,1.00652189,1.182169717,1.388895297,0.697900936,0.8411005,1.891932111,0.859422791,1.946096565,COD78,2
1.011287137,1.14201289,1.846875846,0.999867902,1.881207533,2.281202859,0.926772406,0.880947581,0.880718636,0.881176585,1.202189292,1.489123655,0.995952594,1.001923736,0.997224954,1.001923736,1.003414522,0.992805918,1.00770395,1.202189292,1.340445461,0.678725177,0.825067322,1.808531066,0.880395554,1.901481312,COD78,2
1.007088747,1.163292159,1.840485967,0.999867902,1.852367414,2.278146168,0.925306786,0.915482233,0.960038017,0.85781208,1.19742352,1.50524489,0.995952594,1.001923736,0.994982553,1.001923736,1.003414522,0.992805918,1.00770395,1.19742352,1.388895297,0.68284699,0.8411005,1.912441398,0.876883186,1.928019671,COD78,2
1.245609766,1.143135613,1.600141083,0.99919223,1.890326838,2.190042385,0.91408371,0.969521115,0.878466159,0.89236794,1.322245019,1.400050772,1.003017158,1.001572251,0.984857212,1.001572251,1.002447714,0.993926235,1.005568368,1.322245019,0.970385961,0.689100167,0.796782318,1.913830811,0.773634947,1.857537001,USA1576,2
1.245609766,1.143135613,1.600141083,0.99919223,1.890326838,2.190042385,0.91408371,0.969521115,0.878466159,0.89236794,1.322245019,1.400050772,1.003017158,1.001572251,0.984857212,1.001572251,1.002447714,0.993926235,1.005568368,1.322245019,0.970385961,0.689100167,0.796782318,1.913830811,0.773634947,1.857537001,USA1576,2
1.226446539,1.143135613,1.600141083,0.99919223,1.890326838,2.190042385,0.91408371,0.969521115,0.878466159,0.89236794,1.322245019,1.394335642,1.003017158,1.001572251,0.984857212,1.001572251,1.002447714,0.993926235,1.005568368,1.322245019,1.098196281,0.689100167,0.789157607,1.913830811,0.773634947,1.857537001,USA1576,2
1.226446539,1.143135613,1.600141083,0.99919223,1.890326838,2.190042385,0.91408371,0.969521115,0.878466159,0.89236794,1.322245019,1.394335642,1.003017158,1.001572251,0.984857212,1.001572251,1.002447714,0.993926235,1.005568368,1.322245019,1.098196281,0.689100167,0.789157607,1.913830811,0.773634947,1.857537001,USA1576,2
1.204089441,1.129781908,1.636059835,0.999302939,2.031057051,2.224406186,0.978211571,0.978255539,0.916995377,1.031136624,1.309040009,1.360632398,1.007257788,1.002956108,0.98129858,1.002956108,0.999408789,0.99737681,1.009157455,1.309040009,0.7383755,0.544331324,0.764032222,1.854155212,0.7633451,1.756897328,USA1636,2
1.214980018,1.129781908,1.636309133,0.999302939,2.045370864,2.224406186,0.978211571,0.992789622,0.930310064,1.044991733,1.309040009,1.357108141,1.007257788,1.003049417,0.98129858,1.003049417,0.999408789,0.99737681,1.009157455,1.309040009,0.773536238,0.544331324,0.794189976,1.863591529,0.7633451,1.756897328,USA1636,2
1.205428806,0.953253485,1.636059835,0.998911678,2.031057051,1.976682233,0.978211571,0.940141687,0.765842293,1.031136624,1.162079176,1.299109434,1.008249128,1.002917465,0.98129858,1.002917465,0.999408789,0.99737681,1.009157455,1.162079176,0.66778146,0.544331324,0.679139752,1.448294592,0.679783727,1.376556393,USA1636,2
1.214496411,0.953253485,1.636309133,0.998911678,2.045370864,2.131330135,0.978211571,0.992789622,0.87332893,1.044991733,1.271765221,1.310601224,1.008249128,1.002917465,0.98129858,1.002917465,0.999408789,0.99737681,1.009157455,1.271765221,0.754602246,0.544331324,0.773756845,1.448294592,0.679783727,1.376556393,USA1636,2
0.832517701,0,0,0.999665982,0,0,0,0,0,0,0,0.909981561,0.996419249,0.999508091,0.99267609,0.999508091,0.998948817,0.998014647,0.99624065,0,0.419280352,0,0.287195687,0,0,0,USA1857,2
1.206377963,1.29785137,1.711805004,0.999665982,1.789894058,2.311990762,0.822891179,0.967002878,1.09041355,0.795738139,1.096763251,1.206973681,0.996419249,0.999508091,0.99329851,0.999508091,0.998948817,0.998014647,0.99624065,1.096763251,0.475241683,0.766186583,0.497314567,1.978081749,0.854066094,2.018090861,USA1857,2
1.245609766,1.236610765,1.774879599,1.002324524,1.857050825,2.275128787,0.872534451,0.948864651,1.00690856,0.859024454,1.181842428,1.274849412,0.990233147,0.997853759,0.993652704,0.997853759,0.999547647,0.997610638,0.995368574,1.181842428,0.839797156,0.784148466,0.557864797,1.897274315,0.863686208,1.921041887,CAN601,2
1.245609766,1.236610765,1.798313278,1.002324524,1.863504785,2.275128787,0.872534451,0.929695669,0.99559498,0.866243147,1.181842428,1.274849412,0.990233147,0.997853759,0.993652704,0.997853759,0.999547647,0.997610638,0.995368574,1.181842428,0.855947101,0.778095862,0.557864797,1.897274315,0.868132859,1.921041887,CAN601,2
1.200587727,1.163707127,1.646345605,0.99946546,1.925711801,2.208847848,0.928228139,0.973323159,0.884973316,0.925892404,1.147586125,1.201044984,0.995800248,1.000916887,0.98464787,1.000916887,0.999971355,0.994660207,1.001679848,1.147586125,0.949956783,0.695040686,0.572952547,1.847501274,0.812992221,1.825727857,USA3259,2
1.206886147,1.123946575,1.683803343,0.999862479,1.899989726,2.217161053,0.916527784,0.983461942,0.941779035,0.901370194,1.166803075,1.201044984,0.995800248,1.000916887,0.98464787,1.000916887,1.000773426,0.994660207,1.001679848,1.166803075,0.839063068,0.655485525,0.582501756,1.832604706,0.800129467,1.810577494,USA3259,2
1.20362292,1.123946575,1.683803343,0.99946546,1.899989726,2.217161053,0.916527784,0.975061236,0.887963091,0.901370194,1.166803075,1.201044984,0.995800248,1.000916887,0.98464787,1.000916887,0.999971355,0.994660207,1.001679848,1.166803075,0.873592412,0.655485525,0.582501756,1.832604706,0.800129467,1.810577494,USA3259,2
1.220697571,1.123946575,1.683803343,0.99946546,1.899989726,2.217161053,0.916527784,0.983461942,0.941779035,0.901370194,1.166803075,1.201044984,0.995800248,1.000916887,0.985375044,1.000916887,0.999971355,0.994660207,1.001679848,1.166803075,0.968194237,0.683646576,0.582501756,1.832604706,0.800129467,1.810577494,USA3259,2
1.301943876,1.241597098,1.78889127,1.001280616,2.072997601,2.615798343,1.063761163,1.009236438,0.948743452,1.073586527,1.675737703,1.465380309,1.007830927,1.00480565,0.99096088,1.00480565,1.007692371,0.997135315,1.019805529,1.675737703,1.301623477,0.596752104,1.168488625,1.939485781,0.855731112,1.928017847,AUS881,2
1.372849474,1.241597098,1.78889127,1.001280616,2.072997601,2.615798343,1.063761163,1.009236438,0.948743452,1.073586527,1.675737703,1.486585249,1.007830927,1.00480565,0.99096088,1.00480565,1.007692371,0.997135315,1.019805529,1.675737703,1.320671625,0.596752104,1.270499537,1.939485781,0.855731112,1.928017847,AUS881,2
1.396423505,1.160455849,1.819191448,1.001280616,2.062114888,2.682486128,1.038731489,1.023383399,0.985224199,1.063020562,1.719773424,1.435398573,1.007830927,1.00480565,0.99096088,1.00480565,1.007692371,0.997135315,1.019805529,1.719773424,1.255238349,0.581471946,1.237004549,1.790508027,0.806079574,1.763372624,AUS881,2
1.330537705,1.160455849,1.819191448,1.001280616,2.062114888,2.682486128,1.038731489,1.023383399,0.985224199,1.063020562,1.719773424,1.511382299,1.007830927,1.00480565,0.99096088,1.00480565,1.007692371,0.997135315,1.019805529,1.719773424,1.335359946,0.581471946,1.306694946,1.790508027,0.806079574,1.763372624,AUS881,2
1.287936312,1.251741708,1.720566324,1.001813347,2.061422431,2.53627266,1.015902225,1.045520206,1.029154362,1.062146304,1.551925963,1.539988227,1.013563145,0.999967818,0.984832509,0.999967818,1.000840069,0.999128481,1.017140551,1.551925963,1.232551695,0.644360636,1.184976667,1.985651255,0.835385266,1.928671715,AUS1154,2
1.287936312,1.251741708,1.720566324,1.001813347,2.061422431,2.53627266,1.015902225,1.045520206,1.029154362,1.062146304,1.551925963,1.539988227,1.013563145,0.999967818,0.984832509,0.999967818,1.000840069,0.999128481,1.017140551,1.551925963,1.232551695,0.644360636,1.184976667,1.985651255,0.835385266,1.928671715,AUS1154,2
1.363353973,1.251741708,1.720566324,1.001813347,2.061422431,2.53627266,1.015902225,1.045520206,1.029154362,1.062146304,1.551925963,1.508875567,1.013563145,0.999967818,0.984832509,0.999967818,1.000840069,0.999128481,1.017140551,1.551925963,1.193334141,0.644360636,1.203348399,1.985651255,0.835385266,1.928671715,AUS1154,2
1.363353973,1.251741708,1.720566324,1.001813347,2.061422431,2.53627266,1.015902225,1.045520206,1.029154362,1.062146304,1.551925963,1.508875567,1.013563145,0.999967818,0.984832509,0.999967818,1.000840069,0.999128481,1.017140551,1.551925963,1.193334141,0.644360636,1.203348399,1.985651255,0.835385266,1.928671715,AUS1154,2
1.301943876,1.241597098,1.78889127,1.001280616,2.072997601,2.615798343,1.063761163,1.009236438,0.948743452,1.073586527,1.675737703,1.465380309,1.007830927,1.00480565,0.99096088,1.00480565,1.007692371,0.997135315,1.019805529,1.675737703,1.301623477,0.596752104,1.168488625,1.939485781,0.855731112,1.928017847,AUS881,2
1.372849474,1.241597098,1.78889127,1.001280616,2.072997601,2.615798343,1.063761163,1.009236438,0.948743452,1.073586527,1.675737703,1.486585249,1.007830927,1.00480565,0.99096088,1.00480565,1.007692371,0.997135315,1.019805529,1.675737703,1.320671625,0.596752104,1.270499537,1.939485781,0.855731112,1.928017847,AUS881,2
1.396423505,1.160455849,1.819191448,1.001280616,2.062114888,2.682486128,1.038731489,1.023383399,0.985224199,1.063020562,1.719773424,1.435398573,1.007830927,1.00480565,0.99096088,1.00480565,1.007692371,0.997135315,1.019805529,1.719773424,1.255238349,0.581471946,1.237004549,1.790508027,0.806079574,1.763372624,AUS881,2
1.330537705,1.160455849,1.819191448,1.001280616,2.062114888,2.682486128,1.038731489,1.023383399,0.985224199,1.063020562,1.719773424,1.511382299,1.007830927,1.00480565,0.99096088,1.00480565,1.007692371,0.997135315,1.019805529,1.719773424,1.335359946,0.581471946,1.306694946,1.790508027,0.806079574,1.763372624,AUS881,2
0.928101395,1.333488106,1.783583035,1.003313151,1.96658543,2.093824749,0.985463207,0.981122222,0.99559498,0.966859852,1.079073521,1.820032303,0.99904525,1.004794698,0.997650296,1.004794698,1.003835103,1.000955929,1.005238437,1.079073521,0.665689412,0.926720914,0.801280958,2.104164956,0.922464404,2.129338248,UKR663,2
0.928101395,1.333488106,1.783583035,1.003313151,1.96658543,2.093824749,0.985463207,0.981122222,0.99559498,0.966859852,1.079073521,1.820032303,0.99904525,1.004794698,0.997650296,1.004794698,1.003835103,1.000955929,1.005238437,1.079073521,0.665689412,0.926720914,0.801280958,2.104164956,0.922464404,2.129338248,UKR663,2
1.245609766,1.32609524,1.598679407,1.000172126,1.757597172,2.326774886,0.823384717,0.843061839,0.921847204,0.771009839,1.112275783,1.090426836,0.996037393,0.999059363,0.992789741,0.999059363,1.000120514,0.998938977,0.998429953,1.112275783,0.541023168,0.758226203,0.319898505,1.804182157,0.816144524,1.913399688,RUS85,3
1.245609766,1.324370238,1.657177639,0.99967037,1.810741521,2.358186982,0.813464419,0.893134603,0.957787576,0.819670743,1.128876914,1.090426836,0.996999576,0.999519737,0.993267894,0.999519737,1.000350918,0.99872195,0.998046868,1.128876914,0.549098141,0.746386034,0.32467311,1.79282271,0.829467207,1.930770616,RUS85,3
1.245609766,1.280864476,1.586533562,0.999566276,1.888033124,2.306858408,0.827739155,0.958670027,1.0115245,0.882761647,1.206023347,1.095257915,0.997509833,1.000155233,0.993574683,1.000155233,0.99909847,0.999844649,0.998473209,1.206023347,0.460273441,0.787078037,0.352687371,1.967818312,0.828678607,2.020756406,RUS95,3
1.245609766,1.280212194,1.581716788,0.999566276,1.862519163,2.323192697,0.820932951,0.959217026,1.01948926,0.863526941,1.25524879,1.083789748,0.997509833,1.000155233,0.993574683,1.000155233,0.99909847,0.999844649,0.998473209,1.25524879,0.460273441,0.787078037,0.352687371,1.974496429,0.799041794,1.985710039,RUS95,3
1.245609766,1.264826116,1.59877627,1.000138215,1.877982202,2.310850149,0.811508976,0.978470541,1.020484855,0.865452595,1.251725284,1.090994109,0.996840865,0.999045235,0.99463957,0.999045235,0.997790403,0.99877419,0.998556346,1.251725284,0.468348414,0.788698651,0.360715253,1.981682626,0.816705483,2.008913648,RUS95,3
1.245609766,1.254162659,1.574913937,1.000138215,1.888033124,2.318872755,0.811508976,0.978895619,1.02878148,0.878565514,1.230143814,1.090994109,0.996840865,0.999045235,0.99463957,0.999045235,0.997790403,0.99877419,0.998556346,1.230143814,0.460273441,0.788698651,0.354496025,1.972610067,0.820948503,1.999078393,RUS95,3
1.245609766,1.346310107,1.719957716,1.007173795,1.915596223,2.463354627,0.902332404,1.013263819,1.122938524,0.914300778,1.355115584,1.342784528,0.991843201,1.000111641,1.001042606,1.000111641,1.002843116,0.997276269,1.004534717,1.355115584,0.872097047,0.737944432,0.731714817,2.024361188,0.848714877,2.006503975,BRA2366,3
1.245609766,1.346310107,1.719957716,1.007173795,1.915596223,2.463354627,0.902332404,1.013263819,1.122938524,0.914300778,1.355115584,1.351988474,0.991843201,1.000111641,1.001042606,1.000111641,1.002843116,0.997276269,1.004534717,1.355115584,0.872097047,0.737944432,0.744187229,2.024361188,0.848714877,2.006503975,BRA2366,3
0.91460857,1.20945116,1.645256096,1.002448755,1.998801182,2.443672025,0.940325348,1.009533098,1.020484855,0.998698874,1.380210317,1.348885826,0.991843201,1.000111641,0.995374734,1.000111641,1.002843116,0.99632235,1.004534717,1.380210317,0.888246992,0.570289794,0.615849385,1.962157012,0.790851851,1.852904467,BRA2366,3
0.897187454,1.20945116,1.645256096,1.002448755,1.998801182,2.443672025,0.940325348,1.009533098,1.020484855,0.998698874,1.380210317,1.345818038,0.991843201,1.000111641,0.995374734,1.000111641,1.002843116,0.99632235,1.004534717,1.380210317,0.888246992,0.570289794,0.63062977,1.962157012,0.790851851,1.852904467,BRA2366,3
1.245609766,1.352138289,1.803236443,1.000251978,1.846458687,2.51646904,0.907397622,0.937634643,0.981166068,0.852101777,1.434031916,1.258982866,1.004016684,1.001110671,0.993774522,1.001110671,1.004111811,0.997011149,1.012654926,1.434031916,0.75904743,0.680252586,0.670579167,1.827869093,0.841623537,1.91026696,RUS2688,3
1.245609766,1.319911869,1.734473095,1.000251978,1.907117366,2.465104146,0.965581384,0.937634643,0.967149409,0.909020586,1.433626249,1.239149682,1.004016684,1.001110671,0.993774522,1.001110671,1.004111811,0.997011149,1.012654926,1.433626249,0.734822512,0.672127257,0.649177705,1.787667987,0.835711862,1.869984762,RUS2688,3
0.907515687,1.15663856,1.753969817,1.00034521,1.918801505,1.780417776,0.925602317,0.975397001,0.897987629,0.91930747,0.930965391,1.338000786,0.998498669,0.998893442,0.992918754,0.998893442,1.000224351,0.99623445,1.003658767,0.930965391,0.783272348,0.762811093,0.700218495,1.925583145,0.86218417,1.921256122,PER133,2
1.200478978,1.15663856,1.75157012,1.00034521,1.918801505,2.135940538,0.925602317,0.975397001,0.981372195,0.91930747,1.127032344,1.325554713,0.998498669,0.997501451,0.990422088,0.997501451,1.000224351,0.995537807,1.003658767,1.127032344,0.783272348,0.762811093,0.683934344,1.925583145,0.86218417,1.921256122,PER133,2
0.909913517,1.15663856,1.753969817,1.00034521,1.918801505,1.780417776,0.925602317,0.975397001,0.897987629,0.91930747,0.930965391,1.338211487,0.998498669,0.998893442,0.992918754,0.998893442,1.000224351,0.99623445,1.003658767,0.930965391,0.783272348,0.762811093,0.70186687,1.925583145,0.86218417,1.921256122,PER133,2
1.245609766,1.15663856,1.773795813,1.00034521,1.918801505,2.207409934,0.925602317,0.975397001,1.032929792,0.91930747,1.127032344,1.338211487,0.998498669,0.998893442,0.997809611,0.998893442,1.000224351,0.998669389,1.003658767,1.127032344,0.783272348,0.762811093,0.70186687,1.925583145,0.86218417,1.921256122,PER133,2
1.245609766,1.143767878,1.561947835,0.999643535,1.845065427,2.191456021,0.790676208,0.909470398,0.962952522,0.850895983,1.079073521,1.038695782,0.995690649,0.999534242,0.992319308,0.999534242,0.997851871,0.996883879,0.996423477,1.079073521,0.427973551,0.795226731,0.264509163,1.844683643,0.800039019,1.833974197,USA214,2
0.931590498,1.143767878,1.561947835,0.999643535,1.845065427,2.191456021,0.790676208,0.909470398,0.861572579,0.850895983,1.079073521,1.037729076,0.995690649,0.999534242,0.992319308,0.999534242,0.997851871,0.994537509,0.996423477,1.079073521,0.427973551,0.730143751,0.263425109,1.844683643,0.800039019,1.833974197,USA214,2
1.245609766,1.175350093,1.573170317,0.999643535,1.838669689,2.216799168,0.806179663,0.906657189,0.969846834,0.845015833,1.079073521,1.045316664,0.995690649,0.999534242,0.992319308,0.999534242,0.997851871,0.996883879,0.996423477,1.079073521,0.427973551,0.809336265,0.26670426,1.876703537,0.804609286,1.885930578,USA214,2
1.245609766,1.175350093,1.573170317,0.999643535,1.838669689,2.216799168,0.806179663,0.906657189,0.969846834,0.845015833,1.079073521,1.042335143,0.995690649,0.999534242,0.992319308,0.999534242,0.997851871,0.996883879,0.996423477,1.079073521,0.427973551,0.809336265,0.263425109,1.876703537,0.804609286,1.885930578,USA214,2
1.201750268,1.17912127,1.799785112,0.999029061,1.918262552,2.291320503,0.976717668,0.941544884,0.947029371,0.919623524,1.267483183,1.065465611,1.002185354,0.997749737,0.991215741,0.997749737,1.00044258,0.997308349,1.00686576,1.267483183,0.444123496,0.632523799,0.415234903,1.83582367,0.895089983,1.904749341,USA1856,2
1.201439207,1.196720095,1.778867868,0.999319694,1.897778212,2.261865394,0.965581384,0.932196828,0.94742103,0.900111903,1.22621991,1.053899312,1.002484284,0.999088984,0.989779762,0.999088984,1.001050951,0.998040094,1.007622686,1.22621991,0.436048523,0.6081606,0.409302976,1.870519219,0.887186559,1.9528198,USA1856,2
1.430144547,1.179376325,1.770185936,1.000863077,2.019557801,2.071242097,1.015818294,1.003739507,0.988109304,1.019616954,1.089652673,1.542322366,1.006052335,1.005882967,0.984834951,1.005882967,1.008560815,0.99405643,1.026817529,1.089652673,1.094598107,0.912991716,0.946312155,1.870063184,0.835248306,1.865652898,ZAF184,2
1.360944004,1.177874109,1.797495232,1.000863077,2.00655495,2.027830957,1.005492081,1.001062869,0.985003544,1.006560787,1.043401669,1.857583108,1.006052335,1.005882967,0.984834951,1.005882967,1.008560815,0.99405643,1.026817529,1.043401669,1.236059059,0.957272153,1.174044785,1.874711592,0.839116889,1.873459667,ZAF184,2
1.370866614,1.179376325,1.770185936,1.000863077,2.019557801,2.071242097,1.015818294,1.003739507,0.988109304,1.019616954,1.089652673,1.618253375,1.006052335,1.005882967,0.984834951,1.005882967,1.008560815,0.99405643,1.026817529,1.089652673,1.072372764,0.912991716,0.991374639,1.870063184,0.835248306,1.865652898,ZAF184,2
1.262909902,1.177874109,1.797495232,1.000863077,2.00655495,2.027830957,1.005492081,1.001062869,0.985003544,1.006560787,1.043401669,1.933086414,1.006052335,1.005882967,0.984834951,1.005882967,1.008560815,0.99405643,1.026817529,1.043401669,1.446859829,0.957272153,1.226224553,1.874711592,0.839116889,1.873459667,ZAF184,2
0.996963905,1.196720095,1.655999647,1.000391872,1.92287173,2.162044123,0.823498838,0.995853787,1.056549775,0.905332299,1.101095429,1.192195532,0.995483775,0.996433627,0.997115051,0.996433627,0.9968594,0.998910171,0.9976707,1.101095429,0.413516745,0.858436215,0.415325191,1.987608382,0.81106124,1.897706365,USA2128,2
0.996963905,1.196720095,1.655999647,1.000391872,1.92287173,2.162044123,0.823498838,0.995853787,1.056549775,0.905332299,1.101095429,1.192195532,0.995483775,0.996433627,0.997115051,0.996433627,0.9968594,0.998910171,0.9976707,1.101095429,0.413516745,0.858436215,0.418189503,1.987608382,0.81106124,1.897706365,USA2128,2
1.020987131,1.156829425,1.671915464,1.000391872,1.89411127,2.173619874,0.827308265,0.962834762,1.033887095,0.896665395,1.099824935,1.201044984,0.995483775,0.996433627,0.997115051,0.996433627,0.9968594,0.998910171,0.9976707,1.099824935,0.436567397,0.877946129,0.437249841,1.896421558,0.816324076,1.899415624,USA2128,2
1.008832523,1.156829425,1.671915464,1.000391872,1.89411127,2.173619874,0.827308265,0.962834762,1.033887095,0.896665395,1.099824935,1.201044984,0.995483775,0.996433627,0.997115051,0.996433627,0.9968594,0.998910171,0.9976707,1.099824935,0.434821128,0.877946129,0.437249841,1.896421558,0.816324076,1.899415624,USA2128,2
1.245609766,1.114187674,1.598090102,1.000176432,1.88586992,2.347539095,0.841372506,1.044497415,1.210331153,0.878811407,1.159004893,1.294897008,0.991791621,1.001312048,0.989157629,1.001312048,1.001612653,0.996908906,0.993864582,1.159004893,0.702522621,0.638686036,0.570320062,1.892390979,0.724783024,1.683632173,AUS1198,2
1.245609766,1.114187674,1.598090102,1.000176432,1.88586992,2.347539095,0.841372506,1.044497415,1.210331153,0.878811407,1.159004893,1.300274903,0.991791621,1.001312048,0.989157629,1.001312048,1.001612653,0.996908906,0.993864582,1.159004893,0.702522621,0.638686036,0.576553069,1.892390979,0.724783024,1.683632173,AUS1198,2
1.245609766,1.133734827,1.611042092,1.000065548,1.897915442,2.372746332,0.833042085,1.064873357,1.226894824,0.887084321,1.172326788,1.294897008,0.994114701,1.004541954,0.987561284,1.004541954,1.000470247,0.998901976,0.990615771,1.172326788,0.710597594,0.637120629,0.576875465,1.896897484,0.734020063,1.706188438,AUS1198,2
1.245609766,1.133734827,1.611042092,1.000065548,1.897915442,2.372746332,0.833042085,1.064873357,1.226894824,0.887084321,1.172326788,1.297571341,0.994114701,1.004541954,0.987561284,1.004541954,1.000470247,0.998901976,0.990615771,1.172326788,0.710597594,0.637120629,0.580010658,1.896897484,0.734020063,1.706188438,AUS1198,2
1.245609766,1.312906512,1.60389414,0.999396961,1.774759844,2.292284038,0.799731323,0.83045849,0.879442233,0.784203076,1.041864089,1.075827032,0.971163428,1.000580354,0.994313567,1.000580354,0.994797726,0.996183487,0.98902583,1.041864089,0.549098141,0.631855169,0.35699987,1.941534235,0.824680645,2.01603625,COL34,2
1.245609766,1.312906512,1.60389414,0.999396961,1.774759844,2.292284038,0.799731323,0.83045849,0.879442233,0.784203076,1.041864089,1.075827032,0.971163428,1.000580354,0.994313567,1.000580354,0.994797726,0.996183487,0.98902583,1.041864089,0.549098141,0.631855169,0.355461077,1.941534235,0.824680645,2.01603625,COL34,2
1.245609766,1.312906512,1.60389414,0.999396961,1.774759844,2.292284038,0.799731323,0.83045849,0.879442233,0.784203076,1.041864089,1.07918368,0.971163428,1.000580354,0.994313567,1.000580354,0.994797726,0.996183487,0.98902583,1.041864089,0.549098141,0.631855169,0.353935493,1.941534235,0.824680645,2.01603625,COL34,2
1.245609766,1.312906512,1.60389414,0.999396961,1.774759844,2.292284038,0.799731323,0.83045849,0.879442233,0.784203076,1.041864089,1.080320981,0.971163428,1.000580354,0.994313567,1.000580354,0.994797726,0.996183487,0.98902583,1.041864089,0.549098141,0.631855169,0.35699987,1.941534235,0.824680645,2.01603625,COL34,2
1.245609766,1.227405225,1.65393538,1.001336888,2.072772954,2.343156684,1.012763201,1.060009752,1.046651133,1.07353887,1.355759039,1.041644233,0.99809705,1.001056849,0.995304207,1.001056849,1.002371034,0.9963797,1.003116241,1.355759039,0.387598687,0.656427314,0.363824867,2.015285996,0.811985912,1.908251128,USA3897,2
1.245609766,1.227405225,1.65393538,1.001336888,2.072772954,2.343156684,1.012763201,1.060009752,1.046651133,1.07353887,1.355759039,1.041644233,0.99809705,1.001056849,0.995304207,1.001056849,1.002371034,0.9963797,1.003116241,1.355759039,0.387598687,0.656427314,0.363824867,2.015285996,0.811985912,1.908251128,USA3897,2
1.245609766,1.282200102,1.673988613,1.001336888,1.934593174,2.451535812,0.93485834,0.988193374,1.044160589,0.935226012,1.394899917,1.055692738,0.99809705,1.001056849,0.995304207,1.001056849,1.002371034,0.9963797,1.003116241,1.394899917,0.427973551,0.617813943,0.409302976,1.968167722,0.830171006,1.98330618,USA3897,2
1.245609766,1.282200102,1.673988613,1.001336888,1.934593174,2.451535812,0.93485834,0.988193374,1.044160589,0.935226012,1.394899917,1.055692738,0.99809705,1.001056849,0.995304207,1.001056849,1.002371034,0.9963797,1.003116241,1.394899917,0.427973551,0.617813943,0.409302976,1.968167722,0.830171006,1.98330618,USA3897,2
1.232701893,1.23694598,1.792431769,1.002809471,2.03921906,2.093901637,1.030286517,1.008932542,0.979273751,1.039489595,1.123297845,1.925969282,1.008960296,1.007330382,0.988342558,1.007330382,1.012566749,0.994828621,1.029835585,1.123297845,1.363782554,0.890235839,1.252188568,1.869961971,0.826920369,1.858912899,BWA23,1
1.230781079,1.270744018,1.816081182,1.00242748,1.982346517,2.146082103,0.998392402,0.983954115,0.985538465,0.982372313,1.144471916,1.852344118,1.007742427,1.008085382,0.989914062,1.008085382,1.012895844,0.995250783,1.0280986,1.144471916,1.29734651,0.873765434,1.190081342,1.857497214,0.834485413,1.877887426,BWA23,1
1.236314171,1.235015138,1.755300629,1.000173943,2.032732844,2.058822525,1.022627125,1.01010572,0.956805565,1.032961508,1.121115346,1.803554617,1.008960296,1.0042425,0.988308669,1.0042425,1.007623735,0.994828621,1.02297631,1.121115346,1.233710108,0.865393795,1.115172007,1.858708764,0.821460046,1.846228047,BWA23,1
1.226147114,1.251615512,1.819347477,1.00242748,1.981971233,2.194844686,0.99317309,0.988798143,0.99559498,0.982047707,1.187970849,1.795586513,1.007742427,1.008085382,0.989914062,1.008085382,1.012895844,0.995250783,1.0280986,1.187970849,1.302249558,0.841771497,1.164239576,1.829006668,0.82366425,1.843027086,BWA23,1
1.206377963,1.308563094,1.64406266,1.00039531,1.68728709,2.085413874,0.793010061,0.829729698,0.92858378,0.711540836,1.048677084,1.143826093,0.993130755,0.996544938,0.988209572,0.996544938,0.999269416,0.994374772,0.993543648,1.048677084,0.557173113,0.838078044,0.357605639,1.980016007,0.836815129,2.036639986,USA1548,1
1.209188428,1.328067422,1.62370535,1.00039531,1.776542694,2.044623997,0.810438854,0.910410711,0.924017333,0.786779844,1.079073521,1.125283221,0.993130755,0.996544938,0.986813939,0.996544938,0.999269416,0.994374772,0.993543648,1.079073521,0.549098141,0.841057637,0.347961898,1.948451532,0.820834441,1.997746201,USA1548,1
1.245609766,1.357255717,1.64406266,1.00039531,1.68728709,2.214779795,0.793010061,0.829729698,0.967550051,0.711540836,1.048677084,1.14528964,0.993130755,0.996544938,0.998337428,0.996544938,0.999269416,0.99727353,0.993543648,1.048677084,0.557173113,0.889151148,0.359140427,2.075052522,0.836815129,2.036639986,USA1548,1
1.245609766,1.328067422,1.62370535,1.00039531,1.776542694,2.268306861,0.810438854,0.935664822,1.112723802,0.786779844,1.079073521,1.126649593,0.993130755,0.996544938,0.998337428,0.996544938,0.999269416,0.99727353,0.993543648,1.079073521,0.549098141,0.877295799,0.349436313,2.062501196,0.820834441,1.997746201,USA1548,1
1.245609766,1.084527586,1.621367278,0.999661672,1.727456961,2.204929703,0.834132862,0.850305926,0.969395112,0.745846723,1.064875185,1.129529065,0.994360678,0.997255798,0.992931346,0.997255798,0.99561417,0.997844795,0.992520893,1.064875185,0.427973551,0.615005698,0.367289866,1.906902658,0.80192764,1.815714905,USA3896,2
1.245609766,1.12145468,1.621367278,0.999661672,1.727456961,2.197928682,0.86294616,0.850305926,0.969395112,0.745846723,1.039107835,1.136063254,0.994360678,0.997255798,0.992931346,0.997255798,0.99561417,0.997844795,0.992520893,1.039107835,0.419898578,0.615005698,0.356288006,1.93446299,0.80192764,1.857240661,USA3896,2
1.240705791,1.150094637,1.825816036,1.001607461,1.910776201,2.274691693,0.912399281,0.991066029,1.077585155,0.911493508,1.178680307,1.282869061,1.000216692,1.003031046,0.995622743,1.003031046,1.00148551,1.000480242,1.003364715,1.178680307,0.575589158,0.69097612,0.589761771,1.927811718,0.874706495,1.904601915,USA3580,2
1.240705791,1.150094637,1.825816036,1.001607461,1.910776201,2.274691693,0.912399281,0.991066029,1.077585155,0.911493508,1.178680307,1.282869061,1.000216692,1.003031046,0.995622743,1.003031046,1.00148551,1.000480242,1.003364715,1.178680307,0.575589158,0.69097612,0.589761771,1.927811718,0.874706495,1.904601915,USA3580,2
1.245609766,1.149481144,1.768434738,1.001607461,1.958672637,2.24198971,0.93485834,1.023814297,1.095154478,0.957121334,1.177171114,1.300645861,1.000216692,1.003031046,0.995622743,1.003031046,1.00148551,1.000480242,1.003364715,1.177171114,0.581398031,0.706821036,0.586026632,1.953177662,0.860556325,1.913916149,USA3580,2
1.245609766,1.149481144,1.768434738,1.001607461,1.958672637,2.24198971,0.93485834,1.023814297,1.095154478,0.957121334,1.177171114,1.300645861,1.000216692,1.003031046,0.995622743,1.003031046,1.00148551,1.000480242,1.003364715,1.177171114,0.581398031,0.706821036,0.586026632,1.953177662,0.860556325,1.913916149,USA3580,2
1.209678715,0.991033828,1.71604544,0.998692731,1.900008077,2.0216672,0.92069382,0.979314258,0.960038017,0.901648584,1.1852119,1.400519673,1.005102105,1.0034517,0.980756962,1.0034517,1.001048594,0.99968444,1.008531007,1.1852119,1.162796062,0.752960743,0.793799711,1.920650743,0.826778667,1.779429183,BOL126,2
1.245609766,1.224768222,1.855643215,0.99932894,1.914546884,2.394754447,0.935651265,0.978895619,1.046218454,0.915904924,1.325980174,1.394863781,1.005102105,1.0034517,0.995591896,1.0034517,1.003768449,0.99968444,1.008531007,1.325980174,1.170871035,0.754159089,0.785038776,1.901506702,0.876500491,1.927354676,BOL126,2
1.227941543,1.288775487,1.625670072,1.000026211,1.746783112,2.171013201,0.783043738,0.829878156,0.905086346,0.760919394,1.13944127,1.074101124,0.998806441,0.996182751,0.989732889,0.996182751,0.999645596,0.995231752,1.00130039,1.13944127,0.419898578,0.871558955,0.310655059,1.913123492,0.842776466,2.074422423,USA3232,2
1.211248118,1.346310107,1.625670072,1.001549585,1.746783112,2.230066851,0.783043738,0.829878156,0.905086346,0.760919394,1.13944127,1.074101124,0.998806441,0.996182751,0.991303574,0.996182751,0.999645596,0.995231752,1.00130039,1.13944127,0.419898578,0.797411019,0.310655059,1.913123492,0.842776466,2.081407042,USA3232,2
1.245609766,1.363908932,1.620927389,1.002703428,1.711951344,2.249711944,0.791414468,0.820652712,0.920738215,0.731446639,1.127753529,1.068564767,0.998806441,0.996182751,0.993344346,0.996182751,0.999645596,0.995231752,1.00130039,1.127753529,0.419898578,0.85543469,0.310655059,1.868330992,0.832806092,2.050878594,USA3232,2
1.245609766,1.363908932,1.620927389,1.002703428,1.711951344,2.249711944,0.791414468,0.820652712,0.920738215,0.731446639,1.127753529,1.067262095,0.998806441,0.996182751,0.993344346,0.996182751,0.999645596,0.995231752,1.00130039,1.127753529,0.419898578,0.85543469,0.30913224,1.868330992,0.832806092,2.050878594,USA3232,2
1.245609766,1.162528092,1.747363174,1.001082972,1.98873772,2.384079849,0.924165516,1.064572205,1.151928076,0.983840921,1.302022595,1.396660377,1.000862719,1.001908911,0.998057157,1.001908911,1.001765499,1.00014316,1.003571889,1.302022595,1.178946008,0.768035826,0.773194041,1.953860223,0.839648436,1.878793221,USA3811,2
1.245609766,1.162528092,1.747363174,1.001082972,1.98873772,2.384079849,0.924165516,1.064572205,1.151928076,0.983840921,1.302022595,1.401892454,1.000862719,1.001908911,0.998057157,1.001908911,1.001765499,1.00014316,1.003571889,1.302022595,1.178946008,0.768035826,0.780006324,1.953860223,0.839648436,1.878793221,USA3811,2
1.245609766,1.162528092,1.747363174,1.001082972,1.98873772,2.384079849,0.924165516,1.064572205,1.151928076,0.983840921,1.302022595,1.388981402,1.000862719,1.001908911,0.998057157,1.001908911,1.001765499,1.00014316,1.003571889,1.302022595,1.178946008,0.768035826,0.763195843,1.953860223,0.839648436,1.878793221,USA3811,2
1.245609766,1.162528092,1.747363174,1.001082972,1.98873772,2.384079849,0.924165516,1.064572205,1.151928076,0.983840921,1.302022595,1.396660377,1.000862719,1.001908911,0.998057157,1.001908911,1.001765499,1.00014316,1.003571889,1.302022595,1.178946008,0.768035826,0.773194041,1.953860223,0.839648436,1.878793221,USA3811,2
1.245609766,1.206217873,1.551248162,0.998857867,1.893282881,2.274621496,0.810438854,0.97715514,1.047994716,0.893850986,1.109469958,1.116975192,0.996916065,1.000587587,0.995344849,1.000587587,1.001429434,0.999053395,0.999050228,1.109469958,0.589473004,0.779484881,0.348546133,1.923981969,0.802821971,1.951537848,USA1587,2
1.245609766,1.206143088,1.576430366,0.998459993,1.849950717,2.303270471,0.790339176,0.956835792,1.071346772,0.854564326,1.109904193,1.112550466,0.997394764,0.999172988,0.995483164,0.999172988,1.000869261,0.9983052,1.000930952,1.109904193,0.581398031,0.76809301,0.343771528,1.919020857,0.809501612,1.964394011,USA1587,2
